{"cameraMode":{"drawMode":0,"name":"Shaded","section":"Shading Mode"},"sceneLighting":true,"audioPlay":false,"sceneViewState":{"m_AlwaysRefresh":false,"showFog":true,"showSkybox":true,"showFlares":true,"showImageEffects":true,"showParticleSystems":true,"showVisualEffectGraphs":true,"m_FxEnabled":true},"in2DMode":false,"pivot":{"x":4.055860996246338,"y":2.253872871398926,"z":5.569691181182861},"rotation":{"x":0.12104306370019913,"y":0.17620062828063966,"z":-0.021838128566741945,"w":0.9766393303871155},"size":6.585410118103027,"orthographic":false}